user_input,result,satisfied
"give me step by step guide to learn the expressjs","I want to learn Express.js, a popular Node.js framework for building web applications. I've heard it's a great tool for creating robust and scalable server-side applications, but I'm not sure where to start. Can you provide a step-by-step guide on how to learn Express.js, including the basics, routing, middleware, templates, databases, authentication, and deployment? I'd like to know what tools and software I'll need, what resources are available to help me learn, and what kind of projects I can build with Express.js. I'm a beginner, so please assume I have no prior knowledge of Express.js or Node.js. 

I've uploaded some files that may be relevant to my learning process, can you please refer to them as well. 

Please provide a detailed guide that covers the following topics: 
1. Introduction to Express.js and its features
2. Setting up a new Express.js project
3. Understanding the basics of Express.js, such as routing, middleware, and templates
4. Working with databases and models in Express.js
5. Implementing authentication and authorization in Express.js
6. Deploying an Express.js application to a production environment
7. Troubleshooting and debugging common issues in Express.js

I'd like to learn by building real-world projects, so please provide some examples of projects I can build with Express.js, such as a simple web server, a RESTful API, or a full-stack web application. 

I'm looking for a comprehensive guide that will take me from beginner to advanced level, so please include as much detail as possible. 

Also, I'd like to know what are the best practices for building scalable and secure Express.js applications, and how to optimize the performance of my application. 

Please provide a step-by-step guide that includes code examples, screenshots, and diagrams to help me understand the concepts better. 

I'm excited to learn Express.js and build amazing web applications, so please help me get started!","yes"
"give me step by step guide to learn the expressjs","I want to learn Express.js from scratch, can you provide a step-by-step guide on how to get started, including the prerequisites, setting up the development environment, and a comprehensive overview of the framework, covering topics such as routing, middleware, request and response objects, template engines, database integration, authentication and authorization, error handling, and best practices for building scalable and secure applications, also considering the uploaded files, I need a detailed explanation of each concept with examples and use cases, and how to apply them in real-world scenarios, including common pitfalls and troubleshooting techniques, and finally, how to deploy and maintain an Express.js application in a production environment.","no"

